CUSIP,Mature,Cpn rate,Ask yield,SA yield,SA+O yield,Ask price,SA price,SA+0 price,SA Factor Maturity,Fact settle / Fact mat,Outlier Factor,Term (Y),Mdur (ask),Mdur (SA),Mdur (SA+O),Duration (SA+O),Duration (ask),Mdur - Dur SAO,,,,,
91282CCA7,Apr 2026,0.125%,-0.36%,1.79%,1.72%,100.07630,99.74020,99.75018,1.00226,0.99664,0.99990,0.15606,#NUM!,0.15521,0.15526,0.15659,,-0.00134,,Settlement date,2/17/2026,,
912828S50,Jul 2026,0.125%,-0.63%,0.44%,0.20%,100.30956,99.87124,99.97121,1.00328,0.99563,0.99900,0.40520,#NUM!,0.40794,0.40844,0.40884,,-0.00040,,SA Factor settlement,0.99890,,
91282CDC2,Oct 2026,0.125%,0.14%,0.08%,-0.45%,99.99069,100.02874,100.38007,0.99852,1.00038,0.99650,0.65708,0.65582,0.65601,0.65628,0.65628,0.65628,0.00000,,,,,
912828V49,Jan 2027,0.375%,0.82%,0.56%,0.31%,99.59464,99.83030,100.06044,0.99654,1.00237,0.99770,0.90897,0.90418,0.90536,0.90651,0.90790,0.90790,-0.00140,,,,,
912810PS1,Jan 2027,2.375%,0.81%,0.55%,0.30%,101.41035,101.65031,101.88464,0.99654,1.00237,0.99770,0.90897,0.89936,0.90054,0.90169,0.90303,0.90302,-0.00134,,,,,
91282CEJ6,Apr 2027,0.125%,0.99%,1.28%,1.20%,99.00645,98.67395,98.77272,1.00226,0.99664,0.99900,1.15537,1.14995,1.14828,1.14878,1.15565,1.15565,-0.00687,,,,,
9128282L3,Jul 2027,0.375%,0.60%,0.91%,0.88%,99.68613,99.25054,99.30019,1.00328,0.99563,0.99950,1.40452,1.40183,1.39964,1.39989,1.40602,1.40603,-0.00613,,,,,
91282CFR7,Oct 2027,1.625%,0.70%,0.68%,0.56%,101.51300,101.55163,101.75514,0.99852,1.00038,0.99800,1.65640,1.62706,1.62726,1.62828,1.63283,1.63280,-0.00455,,,,,
9128283R9,Jan 2028,0.500%,0.94%,0.82%,0.82%,99.16512,99.39976,99.39976,0.99654,1.00237,1.00000,1.90828,1.89242,1.89360,1.89360,1.90134,1.90133,-0.00774,,,,,
912810PV4,Jan 2028,1.750%,0.94%,0.81%,0.81%,101.52871,101.76895,101.76895,0.99654,1.00237,1.00000,1.90828,1.87440,1.87561,1.87561,1.88324,1.88320,-0.00763,,,,,
91282CGW5,Apr 2028,1.250%,1.03%,1.19%,1.24%,100.46177,100.12438,100.02436,1.00226,0.99664,1.00100,2.15743,2.11491,2.11317,2.11265,2.12574,2.12583,-0.01308,,,,,
912810FD5,Apr 2028,3.625%,0.99%,1.15%,1.20%,105.59985,105.24520,105.14006,1.00226,0.99664,1.00100,2.15743,2.06208,2.06023,2.05969,2.07207,2.07232,-0.01239,,,,,
912828Y38,Jul 2028,0.750%,0.83%,1.01%,1.05%,99.81328,99.37713,99.27785,1.00328,0.99563,1.00100,2.40657,2.38035,2.37812,2.37761,2.39015,2.39021,-0.01253,,,,,
91282CJH5,Oct 2028,2.375%,0.89%,0.87%,0.83%,103.89600,103.93554,104.03958,0.99852,1.00038,0.99900,2.65845,2.56079,2.56100,2.56155,2.57223,2.57215,-0.01068,,,,,
912810PZ5,Jan 2029,2.500%,1.04%,0.95%,0.95%,104.18626,104.43278,104.43278,0.99654,1.00237,1.00000,2.91034,2.80552,2.80682,2.80682,2.82017,2.82004,-0.01335,,,,,
9128285W6,Jan 2029,0.875%,1.03%,0.95%,0.95%,99.55430,99.78986,99.78986,0.99654,1.00237,1.00000,2.91034,2.86152,2.86274,2.86274,2.87632,2.87627,-0.01357,,,,,
91282CKL4,Apr 2029,2.125%,1.11%,1.22%,1.22%,103.13809,102.79171,102.79171,1.00226,0.99664,1.00000,3.15674,3.03351,3.03161,3.03161,3.05011,3.05035,-0.01850,,,,,
912810FH6,Apr 2029,3.875%,1.10%,1.21%,1.21%,108.58858,108.22390,108.22390,1.00226,0.99664,1.00000,3.15674,2.95726,2.95520,2.95520,2.97310,2.97351,-0.01790,,,,,
9128287D6,Jul 2029,0.250%,0.97%,1.10%,1.10%,97.60432,97.17782,97.17782,1.00328,0.99563,1.00000,3.40589,3.37923,3.37702,3.37702,3.39552,3.39556,-0.01850,,,,,
91282CLV1,Oct 2029,1.625%,1.03%,1.02%,0.98%,102.13402,102.17289,102.32638,0.99852,1.00038,0.99850,3.65777,3.52898,3.52919,3.53004,3.54727,3.54713,-0.01722,,,,,
912828Z37,Jan 2030,0.125%,1.13%,1.07%,1.07%,96.16708,96.39463,96.39463,0.99654,1.00237,1.00000,3.90965,3.87797,3.87916,3.87916,3.89990,3.89988,-0.02074,,,,,
91282CNB3,Apr 2030,1.625%,1.19%,1.28%,1.28%,101.75100,101.40928,101.40928,1.00226,0.99664,1.00000,4.15606,3.99208,3.99010,3.99010,4.01555,4.01586,-0.02545,,,,,
912828ZZ6,Jul 2030,0.125%,1.09%,1.19%,1.19%,95.86728,95.44837,95.44837,1.00328,0.99563,1.00000,4.40520,4.37352,4.37131,4.37131,4.39727,4.39730,-0.02596,,,,,
91282CPH8,Oct 2030,1.125%,1.15%,1.14%,1.11%,99.88976,99.92777,100.07789,0.99852,1.00038,0.99850,4.65708,4.50661,4.50683,4.50770,4.53266,4.53251,-0.02497,,,,,
91282CBF7,Jan 2031,0.125%,1.23%,1.18%,1.18%,94.76003,94.98425,94.98425,0.99654,1.00237,1.00000,4.90897,4.86444,4.86564,4.86564,4.89434,4.89431,-0.02870,,,,,
91282CCM1,Jul 2031,0.125%,1.22%,1.30%,1.30%,94.29143,93.87941,93.87941,1.00328,0.99563,1.00000,5.40452,5.35838,5.35615,5.35615,5.39098,5.39103,-0.03483,,,,,
91282CDX6,Jan 2032,0.125%,1.34%,1.30%,1.30%,93.09727,93.31756,93.31756,0.99654,1.00237,1.00000,5.90828,5.84799,5.84920,5.84920,5.88733,5.88729,-0.03813,,,,,
912810FQ6,Apr 2032,3.375%,1.35%,1.41%,1.41%,111.93297,111.55705,111.55705,1.00226,0.99664,1.00000,6.15743,5.55247,5.54960,5.54960,5.58868,5.58990,-0.03908,,,,,
91282CEZ0,Jul 2032,0.625%,1.34%,1.41%,1.41%,95.60548,95.18772,95.18772,1.00328,0.99563,1.00000,6.40657,6.24326,6.24074,6.24074,6.28483,6.28518,-0.04409,,,,,
91282CGK1,Jan 2033,1.125%,1.46%,1.42%,1.42%,97.80938,98.04082,98.04082,0.99654,1.00237,1.00000,6.91034,6.60815,6.60971,6.60971,6.65676,6.65638,-0.04705,,,,,
91282CHP9,Jul 2033,1.375%,1.46%,1.53%,1.53%,99.37910,98.94485,98.94485,1.00328,0.99563,1.00000,7.40589,7.00808,7.00494,7.00494,7.05839,7.05937,-0.05345,,,,,
91282CJY8,Jan 2034,1.750%,1.57%,1.54%,1.54%,101.33278,101.57255,101.57255,0.99654,1.00237,1.00000,7.90965,7.35533,7.35724,7.35724,7.41382,7.41308,-0.05658,,,,,
91282CLE9,Jul 2034,1.875%,1.58%,1.64%,1.64%,102.31485,101.86777,101.86777,1.00328,0.99563,1.00000,8.40520,7.75312,7.74931,7.74931,7.81271,7.81436,-0.06340,,,,,
91282CML2,Jan 2035,2.125%,1.68%,1.65%,1.65%,103.70029,103.94566,103.94566,0.99654,1.00237,1.00000,8.90897,8.09735,8.09961,8.09961,8.16631,8.16520,-0.06670,,,,,
91282CNS6,Jul 2035,1.875%,1.68%,1.74%,1.74%,101.65196,101.20778,101.20778,1.00328,0.99563,1.00000,9.40452,8.59045,8.58623,8.58623,8.66073,8.66280,-0.07450,,,,,
91282CPU9,Jan 2036,1.875%,1.76%,1.73%,1.73%,101.03055,101.26961,101.26961,0.99654,1.00237,1.00000,9.90828,8.99993,9.00233,9.00233,9.08043,9.07918,-0.07809,,,,,
912810QF8,Feb 2040,2.125%,2.01%,2.01%,2.01%,101.34600,101.35351,101.35351,0.99882,1.00007,1.00000,13.99316,12.07066,12.07078,12.07078,12.19230,12.19222,-0.12152,,,,,
912810QP6,Feb 2041,2.125%,2.09%,2.09%,2.09%,100.44700,100.45444,100.45444,0.99882,1.00007,1.00000,14.99521,12.78920,12.78933,12.78933,12.92295,12.92285,-0.13362,,,,,
912810QV3,Feb 2042,0.750%,2.22%,2.22%,2.22%,80.26000,80.26595,80.26595,0.99882,1.00007,1.00000,15.99452,14.80042,14.80050,14.80050,14.96500,14.96495,-0.16450,,,,,
912810RA8,Feb 2043,0.625%,2.27%,2.27%,2.27%,76.88949,76.89519,76.89519,0.99882,1.00007,1.00000,16.99384,15.81160,15.81169,15.81169,15.99126,15.99121,-0.17957,,,,,
912810RF7,Feb 2044,1.375%,2.31%,2.31%,2.31%,86.28373,86.29012,86.29012,0.99882,1.00007,1.00000,17.99316,15.62566,15.62579,15.62579,15.80632,15.80621,-0.18052,,,,,
912810RL4,Feb 2045,0.750%,2.37%,2.37%,2.37%,75.36500,75.37058,75.37058,0.99882,1.00007,1.00000,18.99521,17.28095,17.28106,17.28106,17.48563,17.48556,-0.20457,,,,,
912810RR1,Feb 2046,1.000%,2.40%,2.40%,2.40%,77.86900,77.87477,77.87477,0.99882,1.00007,1.00000,19.99452,17.64228,17.64242,17.64242,17.85410,17.85400,-0.21168,,,,,
912810RW0,Feb 2047,0.875%,2.43%,2.43%,2.43%,74.60708,74.61261,74.61261,0.99882,1.00007,1.00000,20.99384,18.63005,18.63019,18.63019,18.85610,18.85600,-0.22592,,,,,
912810SB5,Feb 2048,1.000%,2.44%,2.44%,2.44%,75.62558,75.63118,75.63118,0.99882,1.00007,1.00000,21.99316,19.13388,19.13404,19.13404,19.36728,19.36716,-0.23324,,,,,
912810SG4,Feb 2049,1.000%,2.45%,2.45%,2.45%,74.57172,74.57724,74.57724,0.99882,1.00007,1.00000,22.99521,19.86025,19.86042,19.86042,20.10403,20.10389,-0.24361,,,,,
912810SM1,Feb 2050,0.250%,2.47%,2.47%,2.47%,59.97727,59.98171,59.98171,0.99882,1.00007,1.00000,23.99452,22.74267,22.74275,22.74275,23.02371,23.02366,-0.28096,,,,,
912810SV1,Feb 2051,0.125%,2.47%,2.47%,2.47%,56.41068,56.41486,56.41486,0.99882,1.00007,1.00000,24.99384,24.13966,24.13973,24.13973,24.43827,24.43824,-0.29854,0.02640,54.19300,0.02620,54.45492,0.00483
912810TE8,Feb 2052,0.125%,2.47%,2.47%,2.47%,55.18222,55.18631,55.18631,0.99882,1.00007,1.00000,25.99316,25.07348,25.07355,25.07355,25.38347,25.38344,-0.30992,,,,,
912810TP3,Feb 2053,1.500%,2.48%,2.48%,2.48%,80.78700,80.79299,80.79299,0.99882,1.00007,1.00000,26.99521,21.36804,21.36832,21.36832,21.63332,21.63308,-0.26500,,,,,
912810TY4,Feb 2054,2.125%,2.48%,2.48%,2.48%,92.92188,92.92876,92.92876,0.99882,1.00007,1.00000,27.99452,20.68191,20.68225,20.68225,20.93837,20.93806,-0.25612,,,,,
912810UH9,Feb 2055,2.375%,2.46%,2.46%,2.46%,98.18233,98.18960,98.18960,0.99882,1.00007,1.00000,28.99384,20.77562,20.77599,20.77599,21.03182,21.03148,-0.25583,,,,,